{
    "name": "eos",
    "generators": [
        {
            "name": "collate_markdown",
            "options": {
                "docs_dir": "docs"
            }
        },
        {
            "name": "swagger",
            "options": {
                "swagger_path": "plugins/chain_api_plugin/chain.swagger.yaml",
                "swagger_dest_path": "nodeos/plugins/chain_api_plugin/api-reference",
                "disable_filters": true,
                "disable_summary_gen": true
            }
        },
        {
            "name": "swagger",
            "options": {
                "swagger_path": "plugins/db_size_api_plugin/db_size.swagger.yaml",
                "swagger_dest_path": "nodeos/plugins/db_size_api_plugin/api-reference",
                "disable_filters": true,
                "disable_summary_gen": true
            }
        },
        {
            "name": "swagger",
            "options": {
                "swagger_path": "plugins/producer_api_plugin/producer.swagger.yaml",
                "swagger_dest_path": "nodeos/plugins/producer_api_plugin/api-reference",
                "disable_filters": true,
                "disable_summary_gen": true
            }
        },
        {
            "name": "swagger",
            "options": {
                "swagger_path": "plugins/net_api_plugin/net.swagger.yaml",
                "swagger_dest_path": "nodeos/plugins/net_api_plugin/api-reference",
                "disable_filters": true,
                "disable_summary_gen": true
            }
        },
        {
            "name": "swagger",
            "options": {
                "swagger_path": "plugins/test_control_api_plugin/test_control.swagger.yaml",
                "swagger_dest_path": "nodeos/plugins/test_control_api_plugin/api-reference",
                "disable_filters": true,
                "disable_summary_gen": true
            }
        },
        {
            "name": "swagger",
            "options": {
                "swagger_path": "plugins/trace_api_plugin/trace_api.swagger.yaml",
                "swagger_dest_path": "nodeos/plugins/trace_api_plugin/api-reference",
                "disable_filters": true,
                "disable_summary_gen": true
            }
        }
    ]
}
